0,0.996083921,-1.97E-07,-0.004138195,-1.30E-07
10,0.995253927,0.016417107,-0.015080307,-0.016549302
20,0.994302153,0.032832378,-0.02602057,-0.033096424
30,0.993228708,0.049243597,-0.036957642,-0.049639461
40,0.992033717,0.065648745,-0.047890181,-0.066176381
50,0.990717318,0.082045803,-0.058816845,-0.082705151
60,0.989279666,0.098432754,-0.069736292,-0.09922374
70,0.987720932,0.114807582,-0.080647184,-0.115730117
80,0.986041298,0.131168273,-0.09154818,-0.132222254
90,0.984240965,0.147512813,-0.102437944,-0.148698125
100,0.982320147,0.163839192,-0.113315139,-0.165155705
110,0.980279075,0.180145402,-0.124178431,-0.181592971
120,0.978117991,0.196429436,-0.135026487,-0.198007905
130,0.975837156,0.212689294,-0.145857976,-0.214398489
140,0.973436844,0.228922973,-0.156671569,-0.23076271
150,0.970917343,0.245128479,-0.167465941,-0.247098558
160,0.968278959,0.261303818,-0.178239766,-0.263404025
170,0.965522008,0.277447002,-0.188991725,-0.279677111
180,0.962646826,0.293556045,-0.199720498,-0.295915815
190,0.95965376,0.309628968,-0.21042477,-0.312118144
200,0.956543172,0.325663795,-0.221103229,-0.328282109
210,0.953315441,0.341658556,-0.231754566,-0.344405725
220,0.949970957,0.357611283,-0.242377475,-0.360487013
230,0.946510128,0.373520019,-0.252970654,-0.376524
240,0.942933374,0.389382806,-0.263532806,-0.392514716
250,0.939241131,0.405197699,-0.274062636,-0.4084572
260,0.935433848,0.420962753,-0.284558854,-0.424349497
270,0.931511989,0.436676032,-0.295020175,-0.440189655
280,0.927476033,0.452335608,-0.305445318,-0.455975733
290,0.923326471,0.467939558,-0.315833007,-0.471705794
300,0.919063811,0.483485966,-0.326181968,-0.487377911
310,0.914688572,0.498972924,-0.336490937,-0.50299016
320,0.910201289,0.514398533,-0.346758651,-0.518540629
330,0.905602511,0.529760899,-0.356983854,-0.534027412
340,0.900892799,0.545058138,-0.367165295,-0.549448612
350,0.89607273,0.560288374,-0.377301729,-0.564802338
360,0.891142893,0.575449739,-0.387391917,-0.58008671
370,0.886103892,0.590540376,-0.397434624,-0.595299857
380,0.880956343,0.605558434,-0.407428624,-0.610439916
390,0.875700876,0.620502073,-0.417372694,-0.625505033
400,0.870338136,0.635369461,-0.42726562,-0.640493364
410,0.864868779,0.650158779,-0.437106195,-0.655403076
420,0.859293475,0.664868215,-0.446893215,-0.670232345
430,0.853612907,0.679495968,-0.456625485,-0.684979355
440,0.847827773,0.694040247,-0.466301819,-0.699642305
450,0.84193878,0.708499272,-0.475921036,-0.714219402
460,0.835946651,0.722871275,-0.485481961,-0.728708863
470,0.829852121,0.737154498,-0.494983428,-0.743108918
480,0.823655937,0.751347193,-0.504424279,-0.757417808
490,0.817358859,0.765447626,-0.513803364,-0.771633784
500,0.81096166,0.779454074,-0.523119538,-0.785755112
510,0.804465125,0.793364824,-0.532371668,-0.799780066
520,0.79787005,0.807178177,-0.541558626,-0.813706935
530,0.791177245,0.820892446,-0.550679293,-0.82753402
540,0.784387531,0.834505958,-0.559732559,-0.841259634
550,0.777501742,0.848017049,-0.568717322,-0.854882102
560,0.770520722,0.861424072,-0.57763249,-0.868399764
570,0.763445328,0.87472539,-0.586476978,-0.881810972
580,0.756276429,0.887919382,-0.59524971,-0.895114091
590,0.749014904,0.901004439,-0.603949621,-0.908307501
600,0.741661646,0.913978965,-0.612575653,-0.921389595
610,0.734217556,0.92684138,-0.621126758,-0.93435878
620,0.726683548,0.939590117,-0.629601898,-0.947213476
630,0.719060547,0.952223623,-0.638000045,-0.95995212
640,0.711349489,0.964740361,-0.646320179,-0.972573161
650,0.70355132,0.977138806,-0.65456129,-0.985075065
660,0.695666998,0.98941745,-0.66272238,-0.997456312
670,0.687697489,1.001574799,-0.670802459,-1.009715395
680,0.679643773,1.013609376,-0.678800548,-1.021850825
690,0.671506838,1.025519717,-0.686715678,-1.033861129
700,0.663287683,1.037304375,-0.694546891,-1.045744846
710,0.654987315,1.048961918,-0.702293238,-1.057500535
720,0.646606754,1.06049093,-0.709953782,-1.069126768
730,0.638147029,1.071890012,-0.717527597,-1.080622133
740,0.629609177,1.08315778,-0.725013767,-1.091985238
750,0.620994245,1.094292868,-0.732411386,-1.103214703
760,0.612303292,1.105293923,-0.739719562,-1.114309167
770,0.603537383,1.116159613,-0.746937411,-1.125267285
780,0.594697594,1.126888621,-0.754064061,-1.136087729
790,0.585785008,1.137479646,-0.761098654,-1.146769189
800,0.57680072,1.147931406,-0.76804034,-1.157310371
810,0.567745831,1.158242634,-0.774888282,-1.167709999
820,0.558621452,1.168412083,-0.781641655,-1.177966813
830,0.549428701,1.178438522,-0.788299645,-1.188079574
840,0.540168707,1.188320738,-0.79486145,-1.198047058
850,0.530842604,1.198057536,-0.80132628,-1.207868059
860,0.521451535,1.207647739,-0.807693358,-1.217541391
870,0.511996653,1.217090188,-0.813961917,-1.227065884
880,0.502479116,1.226383742,-0.820131204,-1.236440388
890,0.49290009,1.235527278,-0.826200477,-1.24566377
900,0.48326075,1.244519694,-0.832169008,-1.254734917
910,0.473562277,1.253359903,-0.83803608,-1.263652734
920,0.463805859,1.26204684,-0.843800988,-1.272416145
930,0.453992692,1.270579455,-0.849463041,-1.281024092
940,0.444123978,1.278956722,-0.855021561,-1.289475538
950,0.434200926,1.28717763,-0.860475881,-1.297769463
960,0.424224751,1.295241188,-0.865825348,-1.305904869
970,0.414196675,1.303146426,-0.871069321,-1.313880774
980,0.404117926,1.310892391,-0.876207174,-1.321696219
990,0.393989739,1.318478153,-0.881238291,-1.329350261
1000,0.383813353,1.325902797,-0.886162071,-1.336841981
1010,0.373590015,1.333165431,-0.890977927,-1.344170475
1020,0.363320975,1.340265182,-0.895685283,-1.351334862
1030,0.353007491,1.347201197,-0.900283577,-1.358334282
1040,0.342650825,1.353972642,-0.904772261,-1.365167891
1050,0.332252245,1.360578705,-0.9091508,-1.371834869
1060,0.321813022,1.367018592,-0.913418673,-1.378334415
1070,0.311334434,1.37329153,-0.917575371,-1.384665747
1080,0.300817763,1.379396767,-0.921620401,-1.390828106
1090,0.290264295,1.385333572,-0.92555328,-1.396820752
1100,0.279675322,1.391101232,-0.929373543,-1.402642965
1110,0.269052137,1.396699056,-0.933080736,-1.408294047
1120,0.258396041,1.402126375,-0.936674418,-1.413773321
1130,0.247708337,1.407382537,-0.940154165,-1.419080128
1140,0.23699033,1.412466916,-0.943519563,-1.424213834
1150,0.226243332,1.417378902,-0.946770216,-1.429173823
1160,0.215468656,1.422117908,-0.949905738,-1.433959501
1170,0.204667619,1.426683367,-0.952925759,-1.438570294
1180,0.193841541,1.431074736,-0.955829924,-1.443005652
1190,0.182991745,1.435291489,-0.958617889,-1.447265043
1200,0.172119557,1.439333124,-0.961289328,-1.451347957
1210,0.161226306,1.443199158,-0.963843924,-1.455253908
1220,0.150313322,1.446889131,-0.96628138,-1.458982427
1230,0.139381938,1.450402603,-0.968601409,-1.46253307
1240,0.12843349,1.453739157,-0.970803739,-1.465905412
1250,0.117469315,1.456898395,-0.972888114,-1.469099051
1260,0.106490752,1.459879943,-0.97485429,-1.472113606
1270,0.095499141,1.462683446,-0.976702038,-1.474948718
1280,0.084495826,1.465308572,-0.978431145,-1.477604049
1290,0.073482149,1.467755009,-0.980041409,-1.480079283
1300,0.062459456,1.470022469,-0.981532644,-1.482374125
1310,0.051429091,1.472110683,-0.98290468,-1.484488303
1320,0.040392402,1.474019405,-0.98415736,-1.486421564
1330,0.029350735,1.47574841,-0.985290539,-1.488173681
1340,0.018305439,1.477297495,-0.986304091,-1.489744446
1350,0.007257862,1.478666479,-0.9871979,-1.491133672
1360,-0.003790649,1.479855202,-0.987971868,-1.492341197
1370,-0.014838745,1.480863525,-0.988625909,-1.493366877
1380,-0.025885077,1.481691333,-0.989159953,-1.494210592
1390,-0.036928299,1.482338529,-0.989573942,-1.494872244
1400,-0.047967061,1.482805042,-0.989867835,-1.495351757
1410,-0.059000019,1.483090819,-0.990041605,-1.495649075
1420,-0.070025825,1.483195831,-0.990095238,-1.495764166
1430,-0.081043134,1.483120071,-0.990028736,-1.495697019
1440,-0.092050603,1.482863551,-0.989842114,-1.495447644
1450,-0.103046889,1.482426307,-0.989535403,-1.495016075
1460,-0.11403065,1.481808396,-0.989108647,-1.494402366
1470,-0.125000547,1.481009897,-0.988561904,-1.493606593
1480,-0.135955241,1.48003091,-0.98789525,-1.492628854
1490,-0.146893398,1.478871558,-0.98710877,-1.49146927
1500,-0.157813682,1.477531984,-0.986202567,-1.490127983
1510,-0.168714762,1.476012354,-0.985176758,-1.488605157
1520,-0.179595308,1.474312855,-0.984031472,-1.486900976
1530,-0.190453994,1.472433694,-0.982766856,-1.485015648
1540,-0.201289496,1.470375103,-0.981383069,-1.482949402
1550,-0.212100492,1.468137333,-0.979880283,-1.480702489
1560,-0.222885664,1.465720657,-0.978258688,-1.478275181
1570,-0.233643696,1.46312537,-0.976518484,-1.475667773
1580,-0.244373278,1.460351788,-0.974659888,-1.472880579
1590,-0.255073101,1.457400248,-0.972683131,-1.469913937
1600,-0.265741859,1.45427111,-0.970588458,-1.466768207
1610,-0.276378254,1.450964753,-0.968376126,-1.463443767
1620,-0.286980986,1.44748158,-0.966046408,-1.459941021
1630,-0.297548765,1.443822012,-0.963599592,-1.456260391
1640,-0.308080301,1.439986494,-0.961035978,-1.452402322
1650,-0.31857431,1.43597549,-0.958355882,-1.448367279
1660,-0.329029513,1.431789488,-0.955559631,-1.444155751
1670,-0.339444635,1.427428994,-0.952647568,-1.439768244
1680,-0.349818406,1.422894536,-0.94962005,-1.43520529
1690,-0.360149562,1.418186664,-0.946477447,-1.430467439
1700,-0.370436843,1.413305948,-0.943220144,-1.425555262
1710,-0.380678995,1.408252978,-0.939848537,-1.420469353
1720,-0.390874768,1.403028366,-0.936363039,-1.415210324
1730,-0.401022921,1.397632744,-0.932764075,-1.409778812
1740,-0.411122214,1.392066766,-0.929052082,-1.40417547
1750,-0.421171418,1.386331104,-0.925227515,-1.398400975
1760,-0.431169307,1.380426452,-0.921290838,-1.392456025
1770,-0.441114662,1.374353525,-0.91724253,-1.386341335
1780,-0.45100627,1.368113057,-0.913083084,-1.380057645
1790,-0.460842925,1.361705802,-0.908813006,-1.373605712
1800,-0.470623428,1.355132537,-0.904432815,-1.366986315
1810,-0.480346587,1.348394055,-0.899943043,-1.360200253
1820,-0.490011215,1.341491172,-0.895344235,-1.353248345
1830,-0.499616134,1.334424722,-0.890636951,-1.34613143
1840,-0.509160173,1.327195561,-0.885821761,-1.338850366
1850,-0.518642168,1.319804562,-0.88089925,-1.331406034
1860,-0.528060963,1.312252619,-0.875870015,-1.323799332
1870,-0.53741541,1.304540646,-0.870734666,-1.316031178
1880,-0.546704367,1.296669575,-0.865493827,-1.308102511
1890,-0.555926702,1.288640359,-0.860148132,-1.300014287
1900,-0.56508129,1.280453968,-0.854698231,-1.291767485
1910,-0.574167014,1.272111394,-0.849144782,-1.283363099
1920,-0.583182768,1.263613645,-0.84348846,-1.274802146
1930,-0.592127451,1.25496175,-0.83772995,-1.26608566
1940,-0.600999972,1.246156756,-0.831869949,-1.257214695
1950,-0.609799249,1.237199727,-0.825909168,-1.248190322
1960,-0.61852421,1.228091749,-0.819848328,-1.239013633
1970,-0.627173789,1.218833923,-0.813688163,-1.229685737
1980,-0.635746933,1.209427371,-0.807429419,-1.220207762
1990,-0.644242594,1.199873231,-0.801072855,-1.210580854
2000,-0.652659739,1.19017266,-0.79461924,-1.200806179
2010,-0.660997338,1.180326833,-0.788069355,-1.190884918
2020,-0.669254377,1.170336942,-0.781423992,-1.180818272
2030,-0.677429847,1.160204197,-0.774683958,-1.17060746
2040,-0.685522752,1.149929826,-0.767850066,-1.160253717
2050,-0.693532104,1.139515073,-0.760923145,-1.149758296
2060,-0.701456927,1.128961202,-0.753904033,-1.13912247
2070,-0.709296253,1.11826949,-0.746793579,-1.128347526
2080,-0.717049128,1.107441234,-0.739592643,-1.11743477
2090,-0.724714604,1.096477747,-0.732302098,-1.106385523
2100,-0.732291749,1.085380357,-0.724922825,-1.095201124
2110,-0.739779636,1.074150412,-0.717455718,-1.08388293
2120,-0.747177353,1.062789272,-0.709901679,-1.072432312
2130,-0.754483998,1.051298316,-0.702261624,-1.060850659
2140,-0.76169868,1.039678939,-0.694536476,-1.049139376
2150,-0.768820519,1.02793255,-0.686727171,-1.037299882
2160,-0.775848646,1.016060574,-0.678834653,-1.025333615
2170,-0.782782205,1.004064454,-0.670859877,-1.013242027
2180,-0.78962035,0.991945645,-0.662803809,-1.001026585
2190,-0.796362247,0.979705619,-0.654667423,-0.988688773
2200,-0.803007074,0.967345863,-0.646451705,-0.976230087
2210,-0.809554021,0.954867878,-0.638157647,-0.963652043
2220,-0.81600229,0.94227318,-0.629786255,-0.950956167
2230,-0.822351094,0.929563299,-0.62133854,-0.938144002
2240,-0.828599661,0.91673978,-0.612815526,-0.925217105
2250,-0.834747228,0.903804183,-0.604218244,-0.912177047
2260,-0.840793047,0.890758078,-0.595547734,-0.899025414
2270,-0.84673638,0.877603054,-0.586805047,-0.885763805
2280,-0.852576503,0.864340709,-0.577991239,-0.872393832
2290,-0.858312705,0.850972657,-0.569107379,-0.858917123
2300,-0.863944287,0.837500525,-0.560154541,-0.845335317
2310,-0.869470563,0.823925951,-0.55113381,-0.831650066
2320,-0.87489086,0.810250587,-0.542046277,-0.817863037
2330,-0.880204518,0.796476099,-0.532893042,-0.803975907
2340,-0.88541089,0.782604163,-0.523675214,-0.789990369
2350,-0.890509343,0.768636468,-0.514393909,-0.775908124
2360,-0.895499255,0.754574716,-0.505050251,-0.76173089
2370,-0.90038002,0.740420618,-0.495645371,-0.747460392
2380,-0.905151044,0.726175899,-0.486180407,-0.73309837
2390,-0.909811746,0.711842296,-0.476656507,-0.718646574
2400,-0.914361561,0.697421553,-0.467074823,-0.704106767
2410,-0.918799934,0.68291543,-0.457436517,-0.68948072
2420,-0.923126327,0.668325694,-0.447742755,-0.674770217
2430,-0.927340213,0.653654124,-0.437994711,-0.659977054
2440,-0.931441082,0.638902509,-0.428193567,-0.645103033
2450,-0.935428434,0.624072648,-0.418340509,-0.63014997
2460,-0.939301787,0.609166349,-0.408436732,-0.61511969
2470,-0.943060669,0.594185432,-0.398483435,-0.600014028
2480,-0.946704626,0.579131724,-0.388481825,-0.584834826
2490,-0.950233216,0.564007062,-0.378433112,-0.569583939
2500,-0.953646011,0.548813291,-0.368338514,-0.554263228
2510,-0.956942598,0.533552267,-0.358199256,-0.538874565
2520,-0.960122578,0.518225851,-0.348016564,-0.523419829
2530,-0.963185566,0.502835916,-0.337791675,-0.507900909
2540,-0.966131192,0.48738434,-0.327525826,-0.4923197
2550,-0.9689591,0.47187301,-0.317220261,-0.476678107
2560,-0.97166895,0.456303821,-0.306876231,-0.460978041
2570,-0.974260414,0.440678675,-0.296494988,-0.445221421
2580,-0.97673318,0.424999479,-0.286077792,-0.429410173
2590,-0.97908695,0.40926815,-0.275625904,-0.413546231
2600,-0.981321442,0.39348661,-0.265140592,-0.397631534
2610,-0.983436388,0.377656787,-0.254623127,-0.381668029
2620,-0.985431533,0.361780616,-0.244074784,-0.365657667
2630,-0.98730664,0.345860037,-0.233496843,-0.349602408
2640,-0.989061484,0.329896996,-0.222890585,-0.333504215
2650,-0.990695855,0.313893444,-0.212257296,-0.317365058
2660,-0.992209561,0.297851339,-0.201598266,-0.301186912
2670,-0.99360242,0.28177264,-0.190914788,-0.284971756
2680,-0.994874269,0.265659315,-0.180208157,-0.268721574
2690,-0.996024957,0.249513334,-0.16947967,-0.252438356
2700,-0.997054351,0.23333667,-0.15873063,-0.236124094
2710,-0.997962329,0.217131303,-0.14796234,-0.219780785
2720,-0.998748787,0.200899214,-0.137176106,-0.203410431
2730,-0.999413635,0.184642389,-0.126373235,-0.187015034
2740,-0.999956798,0.168362816,-0.115555038,-0.170596603
2750,-1.000378216,0.152062486,-0.104722828,-0.154157148
2760,-1.000677843,0.135743393,-0.093877917,-0.137698682
2770,-1.000855649,0.119407534,-0.083021622,-0.121223219
2780,-1.00091162,0.103056907,-0.072155259,-0.104732778
2790,-1.000845755,0.086693512,-0.061280146,-0.088229377
2800,-1.000658068,0.070319352,-0.050397602,-0.071715039
2810,-1.00034859,0.053936428,-0.039508947,-0.055191785
2820,-0.999917365,0.037546747,-0.028615502,-0.038661638
2830,-0.999364453,0.021152313,-0.017718589,-0.022126624
2840,-0.998689928,0.004755131,-0.006819528,-0.005588768
2850,-0.99789388,-0.011642791,0.004080358,0.010949905
2860,-0.996976413,-0.028039449,0.014979746,0.02748737
2870,-0.995937647,-0.044432835,0.025877315,0.044021601
2880,-0.994777715,-0.060820944,0.036771744,0.060550572
2890,-0.993496767,-0.077201772,0.047661709,0.077072261
2900,-0.992094966,-0.093573313,0.058545892,0.093584642
2910,-0.990572492,-0.109933566,0.06942297,0.110085695
2920,-0.988929537,-0.126280529,0.080291626,0.126573397
2930,-0.98716631,-0.142612202,0.09115054,0.143045731
2940,-0.985283034,-0.158926588,0.101998396,0.159500678
2950,-0.983279946,-0.175221691,0.112833878,0.175936224
2960,-0.981157299,-0.191495517,0.123655671,0.192350357
2970,-0.978915359,-0.207746077,0.134462464,0.208741066
2980,-0.976554408,-0.223971382,0.145252945,0.225106345
2990,-0.974074743,-0.240169449,0.156025807,0.24144419
3000,-0.971476673,-0.256338298,0.166779741,0.257752601
3010,-0.968760523,-0.27247595,0.177513445,0.274029582
3020,-0.965926634,-0.288580432,0.188225616,0.29027314
3030,-0.962975358,-0.304649777,0.198914955,0.306481287
3040,-0.959907063,-0.320682019,0.209580167,0.32265204
3050,-0.956722133,-0.336675198,0.220219958,0.33878342
3060,-0.953420963,-0.35262736,0.230833038,0.354873452
3070,-0.950003965,-0.368536556,0.241418119,0.370920169
3080,-0.946471562,-0.38440084,0.25197392,0.386921607
3090,-0.942824195,-0.400218275,0.262499159,0.402875808
3100,-0.939062315,-0.415986927,0.27299256,0.418780822
3110,-0.935186389,-0.431704871,0.283452853,0.434634702
3120,-0.931196899,-0.447370187,0.293878767,0.450435511
3130,-0.927094337,-0.46298096,0.304269041,0.466181316
3140,-0.922879214,-0.478535286,0.314622414,0.481870192
3150,-0.918552049,-0.494031263,0.32493763,0.497500222
3160,-0.914113379,-0.509467002,0.335213441,0.513069494
3170,-0.909563752,-0.524840616,0.345448601,0.528576107
3180,-0.90490373,-0.540150229,0.355641868,0.544018165
3190,-0.90013389,-0.555393974,0.365792008,0.559393783
3200,-0.89525482,-0.570569989,0.375897791,0.574701081
3210,-0.890267122,-0.585676423,0.385957993,0.589938189
3220,-0.885171412,-0.600711434,0.395971393,0.605103248
3230,-0.879968318,-0.615673187,0.405936779,0.620194406
3240,-0.87465848,-0.630559858,0.415852944,0.63520982
3250,-0.869242554,-0.645369631,0.425718686,0.650147657
3260,-0.863721205,-0.660100701,0.435532809,0.665006095
3270,-0.858095114,-0.674751272,0.445294126,0.67978332
3280,-0.852364973,-0.689319558,0.455001454,0.694477529
3290,-0.846531487,-0.703803785,0.464653616,0.70908693
3300,-0.840595372,-0.718202186,0.474249444,0.723609742
3310,-0.834557359,-0.732513009,0.483787776,0.738044193
3320,-0.828418188,-0.746734511,0.493267456,0.752388523
3330,-0.822178615,-0.760864958,0.502687337,0.766640985
3340,-0.815839404,-0.774902632,0.512046277,0.780799842
3350,-0.809401333,-0.788845822,0.521343144,0.794863367
3360,-0.802865193,-0.802692832,0.530576811,0.808829848
3370,-0.796231785,-0.816441977,0.539746161,0.822697584
3380,-0.789501921,-0.830091584,0.548850084,0.836464885
3390,-0.782676427,-0.843639992,0.557887478,0.850130077
3400,-0.775756139,-0.857085554,0.566857247,0.863691494
3410,-0.768741903,-0.870426634,0.575758308,0.877147488
3420,-0.761634578,-0.883661611,0.584589581,0.89049642
3430,-0.754435034,-0.896788875,0.593349999,0.903736666
3440,-0.747144152,-0.909806831,0.6020385,0.916866616
3450,-0.739762823,-0.922713897,0.610654034,0.929884674
3460,-0.732291949,-0.935508506,0.619195557,0.942789256
3470,-0.724732444,-0.948189102,0.627662036,0.955578795
3480,-0.717085231,-0.960754146,0.636052445,0.968251735
3490,-0.709351243,-0.973202112,0.644365771,0.980806536
3500,-0.701531425,-0.985531489,0.652601006,0.993241675
3510,-0.693626732,-0.99774078,0.660757155,1.005555639
3520,-0.685638127,-1.009828504,0.668833229,1.017746935
3530,-0.677566585,-1.021793193,0.676828252,1.029814081
3540,-0.66941309,-1.033633397,0.684741257,1.041755614
3550,-0.661178637,-1.04534768,0.692571286,1.053570084
3560,-0.652864228,-1.05693462,0.700317391,1.065256057
3570,-0.644470876,-1.068392812,0.707978636,1.076812116
3580,-0.635999604,-1.079720869,0.715554093,1.088236859
3590,-0.627451444,-1.090917416,0.723042846,1.099528901
3600,-0.618827434,-1.101981097,0.730443988,1.110686874
3610,-0.610128626,-1.112910572,0.737756624,1.121709424
3620,-0.601356077,-1.123704515,0.744979869,1.132595216
3630,-0.592510854,-1.134361621,0.752112849,1.143342931
3640,-0.583594033,-1.144880598,0.7591547,1.153951266
3650,-0.574606697,-1.155260173,0.766104572,1.164418938
3660,-0.565549939,-1.165499089,0.772961622,1.174744679
3670,-0.556424858,-1.175596106,0.779725021,1.184927238
3680,-0.547232564,-1.185550003,0.786393951,1.194965383
3690,-0.537974172,-1.195359576,0.792967603,1.204857899
3700,-0.528650807,-1.205023636,0.799445183,1.21460359
3710,-0.5192636,-1.214541016,0.805825906,1.224201275
3720,-0.50981369,-1.223910564,0.812109,1.233649795
3730,-0.500302223,-1.233131148,0.818293704,1.242948006
3740,-0.490730354,-1.242201651,0.824379269,1.252094785
3750,-0.481099242,-1.251120977,0.830364959,1.261089024
3760,-0.471410055,-1.259888048,0.836250048,1.269929639
3770,-0.461663968,-1.268501804,0.842033823,1.278615559
3780,-0.451862162,-1.276961205,0.847715585,1.287145735
3790,-0.442005824,-1.285265227,0.853294645,1.295519137
3800,-0.432096148,-1.293412867,0.858770326,1.303734752
3810,-0.422134334,-1.301403141,0.864141965,1.31179159
3820,-0.412121588,-1.309235084,0.869408911,1.319688676
3830,-0.402059123,-1.316907748,0.874570525,1.327425058
3840,-0.391948155,-1.324420208,0.879626182,1.3349998
3850,-0.38178991,-1.331771555,0.884575268,1.342411989
3860,-0.371585615,-1.338960902,0.889417183,1.349660729
3870,-0.361336506,-1.345987381,0.89415134,1.356745147
3880,-0.351043821,-1.352850142,0.898777163,1.363664386
3890,-0.340708806,-1.359548357,0.903294091,1.370417613
3900,-0.330332709,-1.366081216,0.907701576,1.377004011
3910,-0.319916787,-1.372447932,0.911999081,1.383422786
3920,-0.309462296,-1.378647734,0.916186086,1.389673165
3930,-0.298970501,-1.384679874,0.92026208,1.395754392
3940,-0.28844267,-1.390543624,0.924226568,1.401665734
3950,-0.277880074,-1.396238274,0.928079068,1.407406478
3960,-0.26728399,-1.401763138,0.93181911,1.412975932
3970,-0.256655698,-1.407117547,0.93544624,1.418373423
3980,-0.24599648,-1.412300855,0.938960014,1.423598301
3990,-0.235307625,-1.417312436,0.942360006,1.428649935
4000,-0.224590423,-1.422151683,0.945645799,1.433527717
4010,-0.213846167,-1.426818011,0.948816992,1.438231056
4020,-0.203076156,-1.431310858,0.951873199,1.442759387
4030,-0.192281689,-1.435629678,0.954814046,1.447112162
4040,-0.181464069,-1.43977395,0.957639173,1.451288856
4050,-0.170624602,-1.443743173,0.960348233,1.455288966
4060,-0.159764596,-1.447536866,0.962940894,1.459112009
4070,-0.148885361,-1.45115457,0.96541684,1.462757522
4080,-0.13798821,-1.454595846,0.967775764,1.466225066
4090,-0.127074458,-1.457860278,0.970017377,1.469514222
4100,-0.116145423,-1.460947469,0.972141403,1.472624593
4110,-0.105202421,-1.463857046,0.97414758,1.475555803
4120,-0.094246775,-1.466588654,0.976035659,1.478307497
4130,-0.083279805,-1.469141963,0.977805407,1.480879342
4140,-0.072302834,-1.471516662,0.979456604,1.483271028
4150,-0.061317188,-1.47371246,0.980989044,1.485482265
4160,-0.05032419,-1.475729092,0.982402536,1.487512785
4170,-0.039325167,-1.477566311,0.983696903,1.489362341
4180,-0.028321446,-1.479223891,0.984871983,1.49103071
4190,-0.017314355,-1.480701631,0.985927626,1.492517688
4200,-0.006305221,-1.481999348,0.986863698,1.493823094
4210,0.004704627,-1.483116882,0.987680079,1.494946769
4220,0.015713863,-1.484054096,0.988376665,1.495888576
4230,0.026721156,-1.484810871,0.988953363,1.496648399
4240,0.037725179,-1.485387114,0.989410096,1.497226143
4250,0.048724605,-1.48578275,0.989746803,1.497621738
4260,0.059718107,-1.485997728,0.989963435,1.497835133
4270,0.070704357,-1.486032017,0.990059958,1.4978663
4280,0.081682031,-1.485885608,0.990036353,1.497715232
4290,0.092649803,-1.485558516,0.989892615,1.497381945
4300,0.103606349,-1.485050775,0.989628753,1.496866476
4310,0.114550348,-1.48436244,0.989244792,1.496168884
4320,0.125480478,-1.483493591,0.98874077,1.49528925
4330,0.13639542,-1.482444326,0.98811674,1.494227678
4340,0.147293856,-1.481214768,0.987372768,1.492984291
4350,0.15817447,-1.479805059,0.986508936,1.491559237
4360,0.169035948,-1.478215364,0.985525341,1.489952683
4370,0.179876979,-1.476445869,0.984422093,1.48816482
4380,0.190696253,-1.474496782,0.983199316,1.48619586
4390,0.201492463,-1.472368332,0.98185715,1.484046036
4400,0.212264305,-1.470060771,0.980395748,1.481715604
4410,0.223010478,-1.467574371,0.978815278,1.479204841
4420,0.233729681,-1.464909425,0.977115922,1.476514046
4430,0.244420621,-1.46206625,0.975297878,1.473643539
4440,0.255082005,-1.459045182,0.973361355,1.470593662
4450,0.265712543,-1.455846579,0.971306579,1.467364779
4460,0.27631095,-1.452470822,0.969133789,1.463957275
4470,0.286875945,-1.448918311,0.96684324,1.460371557
4480,0.297406248,-1.445189469,0.964435199,1.456608053
4490,0.307900587,-1.441284738,0.961909947,1.452667213
4500,0.318357691,-1.437204585,0.959267783,1.448549508
4510,0.328776295,-1.432949495,0.956509015,1.444255429
4520,0.339155137,-1.428519974,0.953633968,1.439785491
4530,0.34949296,-1.423916552,0.950642982,1.435140229
4540,0.359788513,-1.419139778,0.947536408,1.430320198
4550,0.370040547,-1.414190221,0.944314613,1.425325977
4560,0.380247822,-1.409068472,0.940977979,1.420158161
4570,0.3904091,-1.403775144,0.937526899,1.414817373
4580,0.400523149,-1.398310869,0.933961783,1.40930425
4590,0.410588742,-1.392676301,0.930283051,1.403619455
4600,0.42060466,-1.386872113,0.926491142,1.397763669
4610,0.430569686,-1.380899,0.922586504,1.391737595
4620,0.440482612,-1.374757678,0.918569602,1.385541955
4630,0.450342235,-1.368448881,0.914440911,1.379177494
4640,0.460147357,-1.361973366,0.910200925,1.372644977
4650,0.469896787,-1.355331909,0.905850147,1.365945187
4660,0.479589342,-1.348525306,0.901389094,1.359078929
4670,0.489223843,-1.341554373,0.896818299,1.35204703
4680,0.49879912,-1.334419948,0.892138307,1.344850334
4690,0.508314008,-1.327122887,0.887349676,1.337489708
4700,0.51776735,-1.319664065,0.882452977,1.329966035
4710,0.527157996,-1.31204438,0.877448795,1.322280223
4720,0.536484804,-1.304264746,0.872337728,1.314433196
4730,0.545746637,-1.296326099,0.867120388,1.306425898
4740,0.554942369,-1.288229394,0.861797397,1.298259296
4750,0.564070878,-1.279975605,0.856369395,1.289934371
4760,0.573131053,-1.271565724,0.850837029,1.281452129
4770,0.582121789,-1.263000766,0.845200964,1.27281359
4780,0.591041991,-1.25428176,0.839461874,1.264019798
4790,0.599890569,-1.245409758,0.833620448,1.255071813
4800,0.608666445,-1.236385829,0.827677388,1.245970714
4810,0.617368546,-1.227211061,0.821633405,1.2367176
4820,0.625995812,-1.21788656,0.815489226,1.227313588
4830,0.634547187,-1.208413452,0.80924559,1.217759815
4840,0.643021627,-1.198792879,0.802903247,1.208057434
4850,0.651418097,-1.189026003,0.796462958,1.198207617
4860,0.659735569,-1.179114003,0.789925501,1.188211556
4870,0.667973025,-1.169058078,0.78329166,1.178070459
4880,0.676129459,-1.158859443,0.776562235,1.167785553
4890,0.684203871,-1.14851933,0.769738037,1.157358082
4900,0.692195272,-1.13803899,0.762819888,1.146789309
4910,0.700102684,-1.127419692,0.755808622,1.136080512
4920,0.707925137,-1.116662719,0.748705084,1.125232989
4930,0.715661672,-1.105769375,0.741510133,1.114248053
4940,0.72331134,-1.094740978,0.734224636,1.103127037
4950,0.730873202,-1.083578866,0.726849473,1.091871287
4960,0.738346331,-1.072284389,0.719385535,1.080482168
4970,0.745729807,-1.060858919,0.711833724,1.068961063
4980,0.753022725,-1.049303839,0.704194953,1.057309368
4990,0.760224186,-1.037620553,0.696470147,1.045528498
5000,0.767333307,-1.025810477,0.688660239,1.033619882
5010,0.774349212,-1.013875045,0.680766175,1.021584967
5020,0.781271037,-1.001815707,0.672788911,1.009425215
5030,0.788097931,-0.989633927,0.664729412,0.997142102
5040,0.794829052,-0.977331186,0.656588656,0.984737122
5050,0.80146357,-0.964908978,0.64836763,0.972211783
5060,0.808000668,-0.952368814,0.640067329,0.959567607
5070,0.814439539,-0.93971222,0.631688761,0.946806134
5080,0.820779387,-0.926940735,0.623232943,0.933928915
5090,0.827019431,-0.914055913,0.6147009,0.920937518
5100,0.8331589,-0.901059323,0.606093669,0.907833524
5110,0.839197034,-0.887952547,0.597412295,0.894618529
5120,0.845133086,-0.874737183,0.588657833,0.881294143
5130,0.850966322,-0.861414839,0.579831347,0.867861989
5140,0.856696021,-0.847987141,0.570933909,0.854323705
5150,0.862321471,-0.834455725,0.561966603,0.84068094
5160,0.867841977,-0.82082224,0.552930518,0.826935358
5170,0.873256853,-0.807088352,0.543826754,0.813088636
5180,0.878565428,-0.793255734,0.53465642,0.799142462
5190,0.883767042,-0.779326076,0.525420631,0.78509854
5200,0.88886105,-0.765301079,0.516120513,0.770958583
5210,0.893846819,-0.751182454,0.5067572,0.756724317
5220,0.898723728,-0.736971927,0.49733183,0.742397481
5230,0.90349117,-0.722671235,0.487845555,0.727979825
5240,0.908148553,-0.708282124,0.47829953,0.71347311
5250,0.912695295,-0.693806355,0.468694919,0.698879109
5260,0.91713083,-0.679245697,0.459032894,0.684199607
5270,0.921454605,-0.664601931,0.449314635,0.669436398
5280,0.925666079,-0.649876849,0.439541327,0.654591287
5290,0.929764727,-0.635072253,0.429714163,0.639666091
5300,0.933750036,-0.620189955,0.419834344,0.624662635
5310,0.937621508,-0.605231778,0.409903076,0.609582755
5320,0.941378657,-0.590199552,0.399921573,0.594428298
5330,0.945021013,-0.57509512,0.389891053,0.579201118
5340,0.948548119,-0.559920331,0.379812744,0.563903079
5350,0.951959532,-0.544677046,0.369687877,0.548536057
5360,0.955254823,-0.529367132,0.359517691,0.533101932
5370,0.958433579,-0.513992467,0.349303428,0.517602596
5380,0.961495398,-0.498554935,0.339046339,0.502039948
5390,0.964439895,-0.483056431,0.328747678,0.486415896
5400,0.967266697,-0.467498855,0.318408706,0.470732354
5410,0.969975449,-0.451884115,0.308030688,0.454991246
5420,0.972565807,-0.436214129,0.297614895,0.439194501
5430,0.975037444,-0.420490818,0.287162602,0.423344058
5440,0.977390044,-0.404716114,0.276675088,0.407441859
5450,0.97962331,-0.388891952,0.266153638,0.391489857
5460,0.981736957,-0.373020276,0.255599542,0.375490008
5470,0.983730715,-0.357103036,0.245014091,0.359444276
5480,0.985604329,-0.341142185,0.234398584,0.34335463
5490,0.98735756,-0.325139685,0.223754321,0.327223045
5500,0.988990182,-0.309097502,0.213082606,0.311051501
5510,0.990501984,-0.293017607,0.202384748,0.294841983
5520,0.991892771,-0.276901976,0.191662058,0.278596482
5530,0.993162362,-0.260752589,0.18091585,0.262316993
5540,0.994310591,-0.244571433,0.170147444,0.246005515
5550,0.995337308,-0.228360496,0.159358158,0.229664051
5560,0.996242377,-0.21212177,0.148549317,0.213294609
5570,0.997025677,-0.195857254,0.137722246,0.196899199
5580,0.997687103,-0.179568946,0.126878272,0.180479836
5590,0.998226563,-0.16325885,0.116018728,0.164038537
5600,0.998643982,-0.146928971,0.105144944,0.147577322
5610,0.9989393,-0.130581319,0.094258255,0.131098214
5620,0.999112472,-0.114217903,0.083359996,0.114603237
5630,0.999163466,-0.097840737,0.072451505,0.098094419
5640,0.999092269,-0.081451836,0.06153412,0.081573788
5650,0.998898879,-0.065053214,0.050609182,0.065043375
5660,0.998583313,-0.048646891,0.03967803,0.048505211
5670,0.9981456,-0.032234884,0.028742007,0.03196133
5680,0.997585786,-0.015819213,0.017802454,0.015413763
5690,0.996903931,0.000598103,0.006860714,-0.001135455
5700,0.996100111,0.017015044,-0.004081871,-0.017684289
5710,0.995174417,0.033429591,-0.015023956,-0.034230707
5720,0.994126955,0.049839722,-0.0259642,-0.050772674
5730,0.992957845,0.066243421,-0.03690126,-0.067308158
5740,0.991667225,0.082638667,-0.047833794,-0.083835126
5750,0.990255245,0.099023445,-0.058760459,-0.100351547
5760,0.988722071,0.115395738,-0.069679915,-0.116855391
5770,0.987067886,0.131753533,-0.080590823,-0.133344631
5780,0.985292884,0.148094816,-0.091491843,-0.149817239
5790,0.983397279,0.164417579,-0.102381637,-0.166271192
5800,0.981381295,0.180719812,-0.11325887,-0.182704468
5810,0.979245175,0.196999511,-0.124122207,-0.199115048
5820,0.976989174,0.213254674,-0.134970316,-0.215500916
5830,0.974613564,0.229483301,-0.145801865,-0.231860059
5840,0.972118631,0.245683397,-0.156615526,-0.248190467
5850,0.969504675,0.26185297,-0.167409973,-0.264490135
5860,0.966772013,0.277990032,-0.178183882,-0.28075706
5870,0.963920974,0.294092598,-0.188935932,-0.296989245
5880,0.960951904,0.310158689,-0.199664805,-0.313184697
5890,0.957865163,0.326186331,-0.210369184,-0.329341427
5900,0.954661124,0.342173553,-0.221047758,-0.345457452
5910,0.951340178,0.358118392,-0.231699219,-0.361530794
5920,0.947902726,0.374018887,-0.242322259,-0.377559479
5930,0.944349188,0.389873085,-0.252915579,-0.39354154
5940,0.940679996,0.405679039,-0.26347788,-0.409475017
5950,0.936895596,0.421434808,-0.274007867,-0.425357955
5960,0.93299645,0.437138456,-0.284504252,-0.441188405
5970,0.928983032,0.452788055,-0.294965749,-0.456964425
5980,0.924855833,0.468381684,-0.305391076,-0.472684081
5990,0.920615356,0.483917429,-0.315778958,-0.488345445
6000,0.916262119,0.499393383,-0.326128122,-0.503946598
6010,0.911796653,0.514807648,-0.336437303,-0.519485627
6020,0.907219504,0.530158331,-0.346705238,-0.534960627
6030,0.902531232,0.545443551,-0.356930673,-0.550369703
6040,0.89773241,0.560661432,-0.367112355,-0.565710967
6050,0.892823624,0.575810109,-0.377249039,-0.580982538
6060,0.887805476,0.590887724,-0.387339488,-0.596182549
6070,0.88267858,0.60589243,-0.397382466,-0.611309136
6080,0.877443563,0.620822388,-0.407376747,-0.626360449
6090,0.872101066,0.635675768,-0.417321109,-0.641334645
6100,0.866651744,0.650450751,-0.427214337,-0.656229892
6110,0.861096264,0.665145529,-0.437055224,-0.671044367
6120,0.855435308,0.679758301,-0.446842568,-0.68577626
6130,0.849669568,0.694287279,-0.456575173,-0.700423767
6140,0.843799752,0.708730685,-0.466251853,-0.714985099
6150,0.837826579,0.723086752,-0.475871426,-0.729458475
6160,0.831750782,0.737353724,-0.485432719,-0.743842127
6170,0.825573106,0.751529856,-0.494934566,-0.758134297
6180,0.819294308,0.765613415,-0.504375809,-0.772333241
6190,0.812915159,0.77960268,-0.513755296,-0.786437222
6200,0.806436441,0.793495941,-0.523071886,-0.800444521
6210,0.79985895,0.807291501,-0.532324442,-0.814353427
6220,0.793183491,0.820987676,-0.541511839,-0.828162243
6230,0.786410884,0.834582792,-0.550632957,-0.841869284
6240,0.779541961,0.84807519,-0.559686686,-0.855472879
6250,0.772577564,0.861463225,-0.568671926,-0.868971369
6260,0.765518548,0.874745262,-0.577587582,-0.882363108
6270,0.758365779,0.887919681,-0.586432571,-0.895646464
6280,0.751120136,0.900984877,-0.595205818,-0.90881982
6290,0.743782507,0.913939257,-0.603906255,-0.92188157
6300,0.736353793,0.926781242,-0.612532827,-0.934830124
6310,0.728834906,0.939509268,-0.621084486,-0.947663906
6320,0.721226769,0.952121784,-0.629560193,-0.960381354
6330,0.713530315,0.964617256,-0.637958919,-0.97298092
6340,0.70574649,0.976994162,-0.646279646,-0.985461072
6350,0.697876249,0.989250996,-0.654521364,-0.997820293
6360,0.689920557,1.001386268,-0.662683074,-1.010057079
6370,0.681880391,1.013398502,-0.670763787,-1.022169945
6380,0.673756738,1.025286237,-0.678762524,-1.034157418
6390,0.665550595,1.037048029,-0.686678316,-1.046018041
6400,0.657262969,1.048682449,-0.694510204,-1.057750376
6410,0.648894877,1.060188084,-0.702257241,-1.069352998
6420,0.640447345,1.071563537,-0.709918489,-1.080824499
6430,0.631921411,1.082807428,-0.717493021,-1.092163487
6440,0.62331812,1.093918392,-0.724979923,-1.103368587
6450,0.614638529,1.104895082,-0.732378288,-1.114438441
6460,0.605883701,1.115736167,-0.739687224,-1.125371706
6470,0.597054711,1.126440332,-0.746905847,-1.136167058
6480,0.588152642,1.13700628,-0.754033287,-1.146823189
6490,0.579178585,1.147432732,-0.761068683,-1.157338808
6500,0.570133642,1.157718426,-0.768011187,-1.167712644
6510,0.561018922,1.167862115,-0.774859961,-1.177943439
6520,0.551835542,1.177862573,-0.78161418,-1.188029957
6530,0.542584629,1.187718589,-0.78827303,-1.197970976
6540,0.533267316,1.197428973,-0.79483571,-1.207765296
6550,0.523884747,1.206992549,-0.80130143,-1.217411732
6560,0.514438071,1.216408162,-0.807669412,-1.226909119
6570,0.504928446,1.225674676,-0.813938889,-1.236256308
6580,0.495357038,1.234790969,-0.820109108,-1.245452172
6590,0.48572502,1.243755943,-0.826179328,-1.254495599
6600,0.476033572,1.252568515,-0.83214882,-1.263385499
6610,0.466283881,1.261227622,-0.838016866,-1.272120799
6620,0.456477143,1.269732219,-0.843782764,-1.280700444
6630,0.446614559,1.278081282,-0.849445821,-1.2891234
6640,0.436697336,1.286273803,-0.855005358,-1.297388653
6650,0.42672669,1.294308797,-0.860460709,-1.305495205
6660,0.416703841,1.302185296,-0.865811221,-1.31344208
6670,0.406630018,1.309902351,-0.871056253,-1.321228321
6680,0.396506453,1.317459033,-0.876195178,-1.32885299
6690,0.386334386,1.324854433,-0.881227381,-1.336315169
6700,0.376115063,1.332087663,-0.886152261,-1.343613962
6710,0.365849733,1.339157852,-0.890969229,-1.350748488
6720,0.355539655,1.346064151,-0.895677711,-1.357717891
6730,0.345186089,1.35280573,-0.900277145,-1.364521332
6740,0.334790302,1.35938178,-0.904766981,-1.371157995
6750,0.324353567,1.365791511,-0.909146685,-1.37762708
6760,0.313877161,1.372034155,-0.913415736,-1.383927812
6770,0.303362365,1.378108961,-0.917573625,-1.390059433
6780,0.292810465,1.384015203,-0.921619857,-1.396021208
6790,0.282222752,1.389752173,-0.925553952,-1.401812422
6800,0.271600521,1.395319182,-0.929375442,-1.407432378
6810,0.26094507,1.400715565,-0.933083873,-1.412880405
6820,0.250257704,1.405940675,-0.936678807,-1.418155847
6830,0.239539727,1.410993887,-0.940159815,-1.423258074
6840,0.228792451,1.415874597,-0.943526487,-1.428186473
6850,0.21801719,1.420582222,-0.946778425,-1.432940454
6860,0.20721526,1.425116199,-0.949915242,-1.437519449
6870,0.196387981,1.429475987,-0.95293657,-1.44192291
6880,0.185536677,1.433661065,-0.955842051,-1.446150308
6890,0.174662674,1.437670934,-0.958631344,-1.45020114
6900,0.1637673,1.441505116,-0.961304119,-1.45407492
6910,0.152851886,1.445163155,-0.963860063,-1.457771186
6920,0.141917767,1.448644614,-0.966298875,-1.461289497
6930,0.130966276,1.45194908,-0.96862027,-1.464629432
6940,0.119998753,1.45507616,-0.970823975,-1.467790592
6950,0.109016537,1.458025482,-0.972909734,-1.470772601
6960,0.098020968,1.460796696,-0.974877302,-1.473575104
6970,0.087013389,1.463389473,-0.976726451,-1.476197766
6980,0.075995145,1.465803507,-0.978456966,-1.478640275
6990,0.064967581,1.468038512,-0.980068646,-1.480902341
7000,0.053932042,1.470094224,-0.981561305,-1.482983696
7010,0.042889877,1.471970401,-0.982934772,-1.484884091
7020,0.031842432,1.473666821,-0.984188889,-1.486603302
7030,0.020791058,1.475183286,-0.985323513,-1.488141125
7040,0.009737101,1.476519618,-0.986338516,-1.489497379
7050,-0.001318088,1.477675661,-0.987233782,-1.490671903
7060,-0.012373161,1.478651281,-0.988009212,-1.491664559
7070,-0.023426769,1.479446366,-0.988664721,-1.492475232
7080,-0.034477562,1.480060824,-0.989200237,-1.493103826
7090,-0.045524193,1.480494587,-0.989615704,-1.493550269
7100,-0.056565313,1.480747606,-0.989911079,-1.49381451
7110,-0.067599576,1.480819857,-0.990086335,-1.493896521
7120,-0.078625636,1.480711335,-0.990141458,-1.493796294
7130,-0.089642147,1.480422057,-0.990076449,-1.493513845
7140,-0.100647766,1.479952064,-0.989891324,-1.49304921
7150,-0.11164115,1.479301417,-0.989586112,-1.492402447
7160,-0.122620958,1.478470197,-0.989160858,-1.491573638
7170,-0.133585852,1.47745851,-0.98861562,-1.490562884
7180,-0.144534493,1.476266481,-0.987950471,-1.48937031
7190,-0.155465547,1.474894259,-0.987165498,-1.487996061
7200,-0.166377681,1.473342013,-0.986260804,-1.486440306
7210,-0.177269563,1.471609932,-0.985236503,-1.484703233
7220,-0.188139866,1.469698231,-0.984092728,-1.482785054
7230,-0.198987263,1.467607144,-0.982829621,-1.480686002
7240,-0.209810433,1.465336925,-0.981447343,-1.478406332
7250,-0.220608055,1.462887852,-0.979946066,-1.47594632
7260,-0.231378813,1.460260223,-0.978325979,-1.473306263
7270,-0.242121394,1.457454359,-0.976587282,-1.470486483
7280,-0.252834487,1.454470601,-0.974730191,-1.467487319
7290,-0.263516786,1.451309312,-0.972754937,-1.464309135
7300,-0.27416699,1.447970875,-0.970661764,-1.460952315
7310,-0.284783799,1.444455697,-0.96845093,-1.457417264
7320,-0.295365918,1.440764204,-0.966122707,-1.45370441
7330,-0.305912059,1.436896843,-0.963677383,-1.449814202
7340,-0.316420934,1.432854084,-0.961115257,-1.445747108
7350,-0.326891263,1.428636416,-0.958436644,-1.441503621
7360,-0.337321769,1.424244352,-0.955641872,-1.437084251
7370,-0.34771118,1.419678422,-0.952731284,-1.432489534
7380,-0.35805823,1.41493918,-0.949705236,-1.427720024
7390,-0.368361657,1.410027199,-0.946564097,-1.422776295
7400,-0.378620205,1.404943075,-0.943308252,-1.417658945
7410,-0.388832623,1.399687422,-0.939938097,-1.412368592
7420,-0.398997665,1.394260876,-0.936454045,-1.406905873
7430,-0.409114094,1.388664095,-0.93285652,-1.401271448
7440,-0.419180674,1.382897755,-0.92914596,-1.395465996
7450,-0.429196179,1.376962553,-0.925322817,-1.389490219
7460,-0.439159388,1.370859209,-0.921387556,-1.383344837
7470,-0.449069085,1.364588459,-0.917340657,-1.377030592
7480,-0.458924063,1.358151062,-0.913182611,-1.370548246
7490,-0.468723119,1.351547798,-0.908913925,-1.363898581
7500,-0.478465059,1.344779464,-0.904535116,-1.357082399
7510,-0.488148696,1.337846879,-0.900046717,-1.350100524
7520,-0.497772847,1.330750881,-0.895449273,-1.342953797
7530,-0.50733634,1.323492329,-0.890743342,-1.335643083
7540,-0.516838009,1.3160721,-0.885929495,-1.328169263
7550,-0.526276694,1.308491092,-0.881008317,-1.320533239
7560,-0.535651245,1.300750222,-0.875980404,-1.312735934
7570,-0.544960518,1.292850426,-0.870846366,-1.304778289
7580,-0.554203378,1.28479266,-0.865606826,-1.296661265
7590,-0.563378699,1.276577898,-0.860262419,-1.288385844
7600,-0.572485361,1.268207134,-0.854813793,-1.279953023
7610,-0.581522252,1.259681381,-0.849261607,-1.271363823
7620,-0.590488273,1.25100167,-0.843606536,-1.262619281
7630,-0.599382328,1.242169052,-0.837849263,-1.253720454
7640,-0.608203333,1.233184596,-0.831990487,-1.244668418
7650,-0.616950212,1.224049389,-0.826030917,-1.235464266
7660,-0.625621899,1.214764536,-0.819971275,-1.226109112
7670,-0.634217335,1.205331162,-0.813812294,-1.216604086
7680,-0.642735472,1.195750408,-0.807554721,-1.20695034
7690,-0.651175272,1.186023436,-0.801199312,-1.197149039
7700,-0.659535705,1.176151422,-0.794746838,-1.18720137
7710,-0.667815751,1.166135562,-0.788198078,-1.177108537
7720,-0.6760144,1.15597707,-0.781553827,-1.166871762
7730,-0.684130653,1.145677176,-0.774814888,-1.156492283
7740,-0.692163519,1.135237128,-0.767982077,-1.145971357
7750,-0.700112018,1.124658191,-0.76105622,-1.135310257
7760,-0.707975181,1.113941648,-0.754038157,-1.124510277
7770,-0.715752049,1.103088797,-0.746928735,-1.113572722
7780,-0.723441673,1.092100954,-0.739728816,-1.102498919
7790,-0.731043116,1.080979452,-0.73243927,-1.091290211
7800,-0.73855545,1.069725638,-0.725060981,-1.079947954
7810,-0.745977759,1.058340878,-0.717594839,-1.068473524
7820,-0.753309138,1.046826554,-0.71004175,-1.056868314
7830,-0.760548692,1.035184062,-0.702402627,-1.045133729
7840,-0.767695539,1.023414814,-0.694678393,-1.033271194
7850,-0.774748808,1.01152024,-0.686869985,-1.021282147
7860,-0.781707637,0.999501783,-0.678978346,-1.009168044
7870,-0.788571178,0.987360903,-0.671004431,-0.996930355
7880,-0.795338595,0.975099073,-0.662949207,-0.984570566
7890,-0.802009062,0.962717782,-0.654813646,-0.972090177
7900,-0.808581766,0.950218536,-0.646598734,-0.959490704
7910,-0.815055906,0.937602851,-0.638305464,-0.946773678
7920,-0.821430691,0.924872262,-0.629934841,-0.933940643
7930,-0.827705346,0.912028315,-0.621487878,-0.92099316
7940,-0.833879106,0.899072572,-0.612965596,-0.907932802
7950,-0.839951217,0.886006608,-0.604369026,-0.894761156
7960,-0.84592094,0.872832011,-0.595699211,-0.881479825
7970,-0.851787548,0.859550384,-0.586957198,-0.868090423
7980,-0.857550325,0.846163342,-0.578144046,-0.85459458
7990,-0.863208569,0.832672514,-0.569260822,-0.840993937
8000,-0.868761592,0.819079542,-0.560308601,-0.827290149
8010,-0.874208717,0.805386079,-0.551288466,-0.813484885
8020,-0.87954928,0.791593792,-0.542201511,-0.799579826
8030,-0.884782632,0.777704362,-0.533048834,-0.785576663
8040,-0.889908134,0.763719477,-0.523831544,-0.771477103
8050,-0.894925164,0.749640843,-0.514550757,-0.757282863
8060,-0.899833111,0.735470174,-0.505207596,-0.742995673
8070,-0.904631377,0.721209195,-0.495803194,-0.728617273
8080,-0.909319379,0.706859644,-0.486338688,-0.714149416
8090,-0.913896546,0.692423271,-0.476815226,-0.699593866
8100,-0.918362323,0.677901834,-0.46723396,-0.684952396
8110,-0.922716166,0.663297104,-0.457596051,-0.670226794
8120,-0.926957547,0.648610861,-0.447902666,-0.655418854
8130,-0.931085949,0.633844896,-0.438154979,-0.640530383
8140,-0.935100873,0.619001009,-0.428354171,-0.625563198
8150,-0.93900183,0.604081012,-0.41850143,-0.610519125
8160,-0.942788346,0.589086724,-0.408597948,-0.5954
8170,-0.946459964,0.574019975,-0.398644927,-0.580207669
8180,-0.950016237,0.558882603,-0.388643571,-0.564943986
8190,-0.953456735,0.543676455,-0.378595092,-0.549610816
8200,-0.95678104,0.528403388,-0.368500709,-0.534210031
8210,-0.959988751,0.513065266,-0.358361644,-0.518743511
8220,-0.96307948,0.497663961,-0.348179125,-0.503213148
8230,-0.966052852,0.482201354,-0.337954388,-0.487620837
8240,-0.968908508,0.466679334,-0.327688671,-0.471968485
8250,-0.971646105,0.451099795,-0.317383218,-0.456258004
8260,-0.974265311,0.435464642,-0.307039279,-0.440491315
8270,-0.976765811,0.419775783,-0.296658107,-0.424670345
8280,-0.979147303,0.404035136,-0.28624096,-0.408797028
8290,-0.981409503,0.388244623,-0.275789102,-0.392873306
8300,-0.983552137,0.372406176,-0.2653038,-0.376901125
8310,-0.985574949,0.356521728,-0.254786324,-0.36088244
8320,-0.987477697,0.340593222,-0.24423795,-0.344819209
8330,-0.989260153,0.324622605,-0.233659956,-0.328713397
8340,-0.990922105,0.308611828,-0.223053626,-0.312566975
8350,-0.992463354,0.292562849,-0.212420245,-0.296381919
8360,-0.993883718,0.276477631,-0.201761103,-0.28016021
8370,-0.99518303,0.26035814,-0.191077492,-0.263903831
8380,-0.996361134,0.244206347,-0.180370707,-0.247614773
8390,-0.997417895,0.228024227,-0.169642048,-0.231295031
8400,-0.998353187,0.21181376,-0.158892815,-0.2149466
8410,-0.999166903,0.195576928,-0.148124311,-0.198571483
8420,-0.99985895,0.179315717,-0.137337844,-0.182171684
8430,-1.000429248,0.163032116,-0.12653472,-0.165749212
8440,-1.000877734,0.146728117,-0.115716251,-0.149306076
8450,-1.001204361,0.130405714,-0.104883747,-0.132844291
8460,-1.001409094,0.114066904,-0.094038524,-0.116365872
8470,-1.001491915,0.097713686,-0.083181897,-0.099872836
8480,-1.00145282,0.08134806,-0.072315182,-0.083367205
8490,-1.001291821,0.064972029,-0.061439698,-0.066850999
8500,-1.001008944,0.048587596,-0.050556763,-0.05032624
8510,-1.00060423,0.032196766,-0.039667698,-0.033794953
8520,-1.000077737,0.015801544,-0.028773823,-0.017259163
8530,-0.999429534,-0.000596064,-0.01787646,-0.000720893
8540,-0.998659709,-0.016994051,-0.006976932,0.015817828
8550,-0.997768363,-0.033390412,0.003923441,0.032354978
8560,-0.996755611,-0.04978314,0.014823336,0.048888529
8570,-0.995621585,-0.06617023,0.025721431,0.065416457
8580,-0.99436643,-0.082549676,0.036616403,0.081936737
8590,-0.992990308,-0.098919476,0.047506932,0.098447347
8600,-0.991493393,-0.115277625,0.058391696,0.114946264
8610,-0.989875876,-0.131622124,0.069269375,0.131431467
8620,-0.988137962,-0.147950972,0.080138649,0.147900939
8630,-0.986279872,-0.164262172,0.090998201,0.164352661
8640,-0.984301838,-0.180553729,0.101846713,0.180784619
8650,-0.982204111,-0.19682365,0.112682869,0.197194801
8660,-0.979986955,-0.213069945,0.123505355,0.213581198
8670,-0.977650647,-0.229290628,0.134312858,0.229941803
8680,-0.975195482,-0.245483713,0.145104067,0.246274614
8690,-0.972621766,-0.261647222,0.155877675,0.26257763
8700,-0.969929821,-0.277779178,0.166632373,0.278848857
8710,-0.967119984,-0.293877607,0.177366858,0.295086301
8720,-0.964192606,-0.309940543,0.188079829,0.311287977
8730,-0.961148052,-0.32596602,0.198769985,0.3274519
8740,-0.957986701,-0.341952081,0.209436031,0.343576094
8750,-0.954708947,-0.357896771,0.220076673,0.359658584
8760,-0.951315197,-0.373798141,0.230690621,0.375697403
8770,-0.947805875,-0.389654248,0.241276588,0.391690588
8780,-0.944181415,-0.405463155,0.251833291,0.407636184
8790,-0.940442268,-0.421222929,0.262359449,0.423532239
8800,-0.936588898,-0.436931646,0.272853786,0.43937681
8810,-0.932621783,-0.452587387,0.283315031,0.455167959
8820,-0.928541414,-0.468188239,0.293741914,0.470903755
8830,-0.924348297,-0.483732296,0.304133173,0.486582275
8840,-0.920042951,-0.499217662,0.314487547,0.5022016
8850,-0.915625908,-0.514642445,0.324803781,0.517759823
8860,-0.911097715,-0.530004761,0.335080625,0.533255042
8870,-0.906458931,-0.545302737,0.345316833,0.548685364
8880,-0.90171013,-0.560534504,0.355511165,0.564048902
8890,-0.896851899,-0.575698204,0.365662385,0.579343781
8900,-0.891884835,-0.590791986,0.375769264,0.594568132
8910,-0.886809553,-0.60581401,0.385830575,0.609720096
8920,-0.881626679,-0.620762442,0.395845101,0.624797822
8930,-0.87633685,-0.63563546,0.405811628,0.639799471
8940,-0.87094072,-0.65043125,0.415728948,0.65472321
8950,-0.865438951,-0.665148008,0.42559586,0.669567219
8960,-0.859832223,-0.67978394,0.435411168,0.684329685
8970,-0.854121224,-0.694337262,0.445173684,0.699008808
8980,-0.848306657,-0.7088062,0.454882224,0.713602798
8990,-0.842389237,-0.723188992,0.464535613,0.728109874
9000,-0.836369691,-0.737483885,0.474132682,0.742528267
9010,-0.830248759,-0.751689138,0.483672268,0.756856219
9020,-0.824027193,-0.765803022,0.493153216,0.771091984
9030,-0.817705756,-0.779823817,0.502574378,0.785233827
9040,-0.811285224,-0.793749816,0.511934612,0.799280025
9050,-0.804766385,-0.807579326,0.521232786,0.813228866
9060,-0.798150039,-0.821310662,0.530467774,0.827078652
9070,-0.791436995,-0.834942153,0.539638457,0.840827696
9080,-0.784628078,-0.848472143,0.548743725,0.854474323
9090,-0.77772412,-0.861898984,0.557782475,0.868016872
9100,-0.770725968,-0.875221044,0.566753614,0.881453696
9110,-0.763634478,-0.888436703,0.575656056,0.89478316
9120,-0.756450518,-0.901544355,0.584488722,0.90800364
9130,-0.749174967,-0.914542407,0.593250544,0.921113531
9140,-0.741808715,-0.927429278,0.601940461,0.934111236
9150,-0.734352662,-0.940203404,0.610557421,0.946995176
9160,-0.726807719,-0.952863232,0.619100382,0.959763785
9170,-0.719174809,-0.965407225,0.627568309,0.972415511
9180,-0.711454862,-0.97783386,0.635960177,0.984948816
9190,-0.703648823,-0.990141628,0.644274971,0.997362178
9200,-0.695757644,-1.002329035,0.652511685,1.009654089
9210,-0.687782288,-1.014394603,0.660669322,1.021823057
9220,-0.679723727,-1.026336866,0.668746895,1.033867604
9230,-0.671582944,-1.038154377,0.676743425,1.045786268
9240,-0.663360932,-1.049845701,0.684657947,1.057577603
9250,-0.655058693,-1.061409422,0.692489501,1.069240178
9260,-0.646677238,-1.072844136,0.70023714,1.080772577
9270,-0.638217589,-1.084148458,0.707899927,1.092173404
9280,-0.629680775,-1.095321018,0.715476934,1.103441274
9290,-0.621067835,-1.106360462,0.722967245,1.114574822
9300,-0.612379818,-1.117265451,0.730369953,1.125572699
9310,-0.603617781,-1.128034665,0.737684162,1.136433571
9320,-0.594782789,-1.1386668,0.744908987,1.147156124
9330,-0.585875917,-1.149160568,0.752043554,1.157739057
9340,-0.576898248,-1.159514699,0.759087,1.168181089
9350,-0.567850873,-1.169727938,0.766038472,1.178480956
9360,-0.558734891,-1.17979905,0.772897128,1.18863741
9370,-0.549551409,-1.189726816,0.779662139,1.198649223
9380,-0.540301542,-1.199510034,0.786332686,1.208515183
9390,-0.530986415,-1.209147521,0.792907961,1.218234095
9400,-0.521607157,-1.218638111,0.799387169,1.227804785
9410,-0.512164906,-1.227980656,0.805769524,1.237226094
9420,-0.502660808,-1.237174027,0.812054255,1.246496884
9430,-0.493096017,-1.246217111,0.8182406,1.255616032
9440,-0.483471691,-1.255108815,0.82432781,1.264582438
9450,-0.473788998,-1.263848064,0.830315148,1.273395016
9460,-0.464049112,-1.272433803,0.836201889,1.282052702
9470,-0.454253212,-1.280864993,0.841987319,1.29055445
9480,-0.444402486,-1.289140615,0.847670738,1.298899233
9490,-0.434498127,-1.297259669,0.853251457,1.307086042
9500,-0.424541335,-1.305221174,0.8587288,1.315113889
9510,-0.414533315,-1.31302417,0.864102102,1.322981804
9520,-0.404475278,-1.320667711,0.869370713,1.330688838
9530,-0.394368443,-1.328150877,0.874533993,1.338234059
9540,-0.384214032,-1.335472762,0.879591317,1.345616557
9550,-0.374013275,-1.342632482,0.88454207,1.352835441
9560,-0.363767404,-1.349629172,0.889385652,1.359889839
9570,-0.35347766,-1.356461989,0.894121476,1.366778901
9580,-0.343145286,-1.363130105,0.898748966,1.373501795
9590,-0.332771533,-1.369632716,0.90326756,1.380057709
9600,-0.322357654,-1.375969037,0.907676709,1.386445853
9610,-0.311904909,-1.382138303,0.911975879,1.392665457
9620,-0.301414559,-1.388139768,0.916164545,1.398715769
9630,-0.290887874,-1.393972707,0.920242199,1.40459606
9640,-0.280326125,-1.399636417,0.924208344,1.410305621
9650,-0.269730589,-1.405130212,0.928062499,1.415843762
9660,-0.259102544,-1.41045343,0.931804192,1.421209817
9670,-0.248443275,-1.415605427,0.93543297,1.426403138
9680,-0.237754069,-1.420585581,0.938948389,1.431423098
9690,-0.227036217,-1.42539329,0.942350021,1.436269092
9700,-0.216291012,-1.430027973,0.94563745,1.440940536
9710,-0.205519753,-1.434489069,0.948810275,1.445436865
9720,-0.19472374,-1.43877604,0.951868108,1.449757538
9730,-0.183904275,-1.442888367,0.954810576,1.453902033
9740,-0.173062665,-1.446825552,0.957637317,1.457869851
9750,-0.162200217,-1.450587119,0.960347987,1.461660511
9760,-0.151318244,-1.454172613,0.962942252,1.465273558
9770,-0.140418058,-1.457581599,0.965419793,1.468708554
9780,-0.129500975,-1.460813665,0.967780307,1.471965085
9790,-0.118568311,-1.463868418,0.970023502,1.475042757
9800,-0.107621386,-1.466745488,0.972149102,1.477941199
9810,-0.096661521,-1.469444527,0.974156845,1.480660061
9820,-0.085690037,-1.471965206,0.976046483,1.483199013
9830,-0.074708259,-1.474307218,0.97781778,1.485557749
9840,-0.063717512,-1.476470279,0.979470517,1.487735983
9850,-0.052719121,-1.478454126,0.981004489,1.489733451
9860,-0.041714412,-1.480258515,0.982419503,1.491549911
9870,-0.030704715,-1.481883227,0.983715382,1.493185142
9880,-0.019691356,-1.483328062,0.984891963,1.494638947
9890,-0.008675665,-1.484592843,0.985949097,1.495911148
9900,0.00234103,-1.485677414,0.98688665,1.497001589
9910,0.0133574,-1.486581641,0.987704501,1.497910139
9920,0.024372115,-1.487305412,0.988402544,1.498636684
9930,0.035383846,-1.487848634,0.988980688,1.499181136
9940,0.046391266,-1.488211238,0.989438856,1.499543426
9950,0.057393045,-1.488393178,0.989776985,1.499723508
9960,0.068387857,-1.488394426,0.989995026,1.499721359
9970,0.079374374,-1.488214979,0.990092945,1.499536977
9980,0.090351271,-1.487854853,0.990070723,1.49917038
9990,0.101317223,-1.487314087,0.989928355,1.49862161
10000,0.112270907,-1.486592742,0.98966585,1.49789073
10010,0.123210999,-1.4856909,0.989283231,1.496977826
10020,0.13413618,-1.484608665,0.988780537,1.495883005
10030,0.145045131,-1.483346162,0.98815782,1.494606395
10040,0.155936534,-1.481903539,0.987415147,1.493148148
10050,0.166809074,-1.480280964,0.9865526,1.491508434
10060,0.177661439,-1.478478627,0.985570273,1.48968745
10070,0.188492317,-1.476496741,0.984468278,1.48768541
10080,0.1993004,-1.474335539,0.983246738,1.485502553
10090,0.210084383,-1.471995276,0.981905793,1.483139139
10100,0.220842962,-1.469476228,0.980445596,1.480595447
10110,0.231574837,-1.466778694,0.978866315,1.477871782
10120,0.242278712,-1.463902994,0.977168131,1.474968468
10130,0.252953292,-1.460849467,0.975351242,1.47188585
10140,0.263597287,-1.457618476,0.973415857,1.468624297
10150,0.274209409,-1.454210406,0.971362202,1.465184199
10160,0.284788375,-1.450625661,0.969190516,1.461565964
10170,0.295332906,-1.446864668,0.966901052,1.457770027
10180,0.305841726,-1.442927873,0.964494079,1.453796841
10190,0.316313563,-1.438815747,0.961969877,1.44964688
10200,0.32674715,-1.434528778,0.959328744,1.445320641
10210,0.337141224,-1.430067479,0.95657099,1.440818641
10220,0.347494525,-1.42543238,0.953696938,1.436141421
10230,0.357805801,-1.420624036,0.950706928,1.431289538
10240,0.368073802,-1.41564302,0.947601311,1.426263575
10250,0.378297285,-1.410489927,0.944380455,1.421064134
10260,0.388475009,-1.405165373,0.94104474,1.415691838
10270,0.398605742,-1.399669994,0.937594561,1.410147331
10280,0.408688256,-1.394004448,0.934030325,1.404431277
10290,0.418721326,-1.388169413,0.930352455,1.398544363
10300,0.428703737,-1.382165587,0.926561387,1.392487295
10310,0.438634278,-1.375993688,0.922657572,1.3862608
10320,0.448511742,-1.369654457,0.918641471,1.379865626
10330,0.458334931,-1.363148653,0.914513564,1.37330254
10340,0.468102652,-1.356477055,0.91027434,1.366572331
10350,0.477813718,-1.349640465,0.905924304,1.359675809
10360,0.48746695,-1.342639701,0.901463974,1.352613801
10370,0.497061174,-1.335475605,0.896893882,1.345387158
10380,0.506595224,-1.328149037,0.892214572,1.337996748
10390,0.516067941,-1.320660875,0.887426603,1.330443461
10400,0.525478171,-1.313012021,0.882530546,1.322728205
10410,0.534824771,-1.305203393,0.877526986,1.31485191
10420,0.544106603,-1.29723593,0.87241652,1.306815524
10430,0.553322535,-1.289110591,0.86719976,1.298620015
10440,0.562471447,-1.280828352,0.861877331,1.29026637
10450,0.571552222,-1.272390212,0.856449868,1.281755597
10460,0.580563756,-1.263797186,0.850918023,1.273088722
10470,0.589504947,-1.255050308,0.845282457,1.264266789
10480,0.598374708,-1.246150633,0.839543846,1.255290863
10490,0.607171954,-1.237099234,0.83370288,1.246162028
10500,0.615895613,-1.227897201,0.827760257,1.236881384
10510,0.624544619,-1.218545645,0.821716693,1.227450054
10520,0.633117917,-1.209045694,0.815572913,1.217869175
10530,0.641614458,-1.199398494,0.809329654,1.208139905
10540,0.650033204,-1.18960521,0.802987669,1.198263421
10550,0.658373127,-1.179667026,0.796547719,1.188240916
10560,0.666633205,-1.169585142,0.790010579,1.178073602
10570,0.674812428,-1.159360775,0.783377036,1.167762709
10580,0.682909796,-1.148995164,0.776647889,1.157309484
10590,0.690924316,-1.13848956,0.76982395,1.146715193
10600,0.698855006,-1.127845236,0.762906039,1.135981119
10610,0.706700896,-1.117063479,0.755894992,1.125108561
10620,0.714461022,-1.106145595,0.748791655,1.114098837
10630,0.722134433,-1.095092905,0.741596884,1.10295328
10640,0.729720188,-1.08390675,0.734311548,1.091673241
10650,0.737217356,-1.072588484,0.726936527,1.080260089
10660,0.744625015,-1.061139479,0.719472712,1.068715208
10670,0.751942256,-1.049561125,0.711921005,1.057039998
10680,0.75916818,-1.037854825,0.70428232,1.045235876
10690,0.766301897,-1.026022001,0.69655758,1.033304274
10700,0.773342531,-1.014064088,0.68874772,1.021246643
10710,0.780289215,-1.001982538,0.680853686,1.009064446
10720,0.787141093,-0.98977882,0.672876434,0.996759164
10730,0.793897322,-0.977454415,0.664816929,0.984332291
10740,0.800557069,-0.965010821,0.656676149,0.971785339
10750,0.807119513,-0.952449553,0.64845508,0.959119834
10760,0.813583844,-0.939772137,0.64015472,0.946337316
10770,0.819949265,-0.926980115,0.631776075,0.93343934
10780,0.82621499,-0.914075045,0.623320163,0.920427476
10790,0.832380245,-0.901058497,0.614788009,0.907303308
10800,0.838444267,-0.887932057,0.606180649,0.894068434